step,train_loss,val_loss,train_acc,val_acc
1,91.61846923828125,135.99151611328125,0.02222222276031971,0.0
2,90.04133605957031,133.73330688476562,0.02222222276031971,0.0
3,88.43583679199219,131.43557739257812,0.02222222276031971,0.0
4,86.72271728515625,129.03147888183594,0.02222222276031971,0.0
5,84.86216735839844,126.4195556640625,0.02222222276031971,0.0
6,82.85856628417969,123.59446716308594,0.02222222276031971,0.0
7,80.68402099609375,120.5261001586914,0.02222222276031971,0.0
8,78.30769348144531,117.16459655761719,0.02222222276031971,0.0
9,75.72063446044922,113.47021484375,0.02222222276031971,0.0
10,72.9210205078125,109.43247985839844,0.02222222276031971,0.0
11,69.90962219238281,105.0511474609375,0.02222222276031971,0.0
12,66.69190216064453,100.32315826416016,0.04444444552063942,0.0
13,63.278663635253906,95.26213073730469,0.04444444552063942,0.0
14,59.685482025146484,89.87876892089844,0.04444444552063942,0.0
15,55.93512725830078,84.19234466552734,0.02222222276031971,0.0
16,52.05635452270508,78.2332992553711,0.04444444552063942,0.0
17,48.080039978027344,72.03025817871094,0.04444444552063942,0.0
18,44.05353546142578,65.64125061035156,0.06666667014360428,0.0
19,40.028717041015625,59.12715530395508,0.06666667014360428,0.0
20,36.0401725769043,52.47971725463867,0.06666667014360428,0.0
21,32.150543212890625,45.836692810058594,0.06666667014360428,0.0
22,28.47939109802246,39.314414978027344,0.06666667014360428,0.0
23,25.13327407836914,33.052120208740234,0.08888889104127884,0.0
24,22.219390869140625,27.193225860595703,0.08888889104127884,0.10000000149011612
25,19.840892791748047,21.890949249267578,0.02222222276031971,0.30000001192092896
26,18.08563804626465,17.28621482849121,0.06666667014360428,0.10000000149011612
27,17.00963592529297,13.502111434936523,0.1111111119389534,0.10000000149011612
28,16.6153621673584,10.619542121887207,0.06666667014360428,0.10000000149011612
29,16.828706741333008,8.64493465423584,0.13333334028720856,0.0
30,17.488367080688477,7.489332675933838,0.08888889104127884,0.0
31,18.361360549926758,6.969984531402588,0.1111111119389534,0.10000000149011612
32,19.19291114807129,6.846896171569824,0.1111111119389534,0.20000000298023224
33,19.769824981689453,6.884692192077637,0.08888889104127884,0.20000000298023224
34,19.967748641967773,6.909010887145996,0.08888889104127884,0.20000000298023224
35,19.762449264526367,6.832276344299316,0.08888889104127884,0.20000000298023224
36,19.21162986755371,6.648152828216553,0.08888889104127884,0.20000000298023224
37,18.42235565185547,6.405959129333496,0.08888889104127884,0.20000000298023224
38,17.5174503326416,6.1790056228637695,0.1111111119389534,0.20000000298023224
39,16.610551834106445,6.038217067718506,0.08888889104127884,0.20000000298023224
40,15.790119171142578,6.034861087799072,0.1111111119389534,0.0
41,15.112671852111816,6.190942287445068,0.06666667014360428,0.10000000149011612
42,14.602300643920898,6.50213623046875,0.08888889104127884,0.20000000298023224
43,14.25757884979248,6.939716339111328,0.1111111119389534,0.20000000298023224
44,14.0553560256958,7.459039211273193,0.1111111119389534,0.30000001192092896
45,13.961553573608398,8.008167266845703,0.08888889104127884,0.20000000298023224
46,13.938312530517578,8.534833908081055,0.08888889104127884,0.10000000149011612
47,13.949396133422852,8.995402336120605,0.08888889104127884,0.10000000149011612
48,13.962523460388184,9.355412483215332,0.1111111119389534,0.0
49,13.953702926635742,9.592236518859863,0.13333334028720856,0.0
50,13.906864166259766,9.695517539978027,0.13333334028720856,0.0
51,13.81446361541748,9.668343544006348,0.15555556118488312,0.0
52,13.676202774047852,9.523067474365234,0.15555556118488312,0.10000000149011612
53,13.497323036193848,9.280336380004883,0.13333334028720856,0.10000000149011612
54,13.28747272491455,8.966320991516113,0.13333334028720856,0.10000000149011612
55,13.058937072753906,8.61046028137207,0.13333334028720856,0.10000000149011612
56,12.824488639831543,8.242904663085938,0.1111111119389534,0.10000000149011612
57,12.597126007080078,7.8920135498046875,0.1111111119389534,0.0
58,12.387450218200684,7.58151388168335,0.08888889104127884,0.0
59,12.202896118164062,7.330346584320068,0.08888889104127884,0.0
60,12.0472993850708,7.150489807128906,0.1111111119389534,0.0
61,11.920735359191895,7.045633792877197,0.15555556118488312,0.10000000149011612
62,11.819339752197266,7.013001918792725,0.15555556118488312,0.20000000298023224
63,11.73643684387207,7.040952205657959,0.15555556118488312,0.20000000298023224
64,11.664031028747559,7.115473747253418,0.15555556118488312,0.20000000298023224
65,11.5939302444458,7.219424247741699,0.13333334028720856,0.20000000298023224
66,11.518980979919434,7.339303016662598,0.13333334028720856,0.20000000298023224
67,11.434152603149414,7.460511207580566,0.13333334028720856,0.20000000298023224
68,11.337081909179688,7.573397159576416,0.13333334028720856,0.10000000149011612
69,11.228693008422852,7.672619819641113,0.13333334028720856,0.10000000149011612
70,11.111207962036133,7.756839752197266,0.13333334028720856,0.10000000149011612
71,10.988585472106934,7.827580451965332,0.13333334028720856,0.10000000149011612
72,10.865015029907227,7.888934135437012,0.15555556118488312,0.10000000149011612
73,10.744561195373535,7.9451398849487305,0.15555556118488312,0.10000000149011612
74,10.63011646270752,7.999988555908203,0.17777778208255768,0.10000000149011612
75,10.523357391357422,8.056170463562012,0.17777778208255768,0.10000000149011612
76,10.42444896697998,8.115106582641602,0.17777778208255768,0.20000000298023224
77,10.332433700561523,8.177023887634277,0.15555556118488312,0.20000000298023224
78,10.245516777038574,8.241389274597168,0.13333334028720856,0.20000000298023224
79,10.161636352539062,8.307157516479492,0.13333334028720856,0.20000000298023224
80,10.07872486114502,8.37326431274414,0.1111111119389534,0.20000000298023224
81,9.995200157165527,8.439126968383789,0.1111111119389534,0.20000000298023224
82,9.909912109375,8.504636764526367,0.1111111119389534,0.20000000298023224
83,9.822484016418457,8.570308685302734,0.1111111119389534,0.20000000298023224
84,9.73314094543457,8.637166976928711,0.1111111119389534,0.10000000149011612
85,9.642415046691895,8.706626892089844,0.1111111119389534,0.10000000149011612
86,9.551162719726562,8.779976844787598,0.1111111119389534,0.10000000149011612
87,9.460440635681152,8.85816764831543,0.13333334028720856,0.20000000298023224
88,9.371308326721191,8.941304206848145,0.13333334028720856,0.20000000298023224
89,9.284235000610352,9.028891563415527,0.13333334028720856,0.20000000298023224
90,9.199520111083984,9.119627952575684,0.15555556118488312,0.20000000298023224
91,9.116862297058105,9.211365699768066,0.15555556118488312,0.20000000298023224
92,9.035991668701172,9.301947593688965,0.15555556118488312,0.20000000298023224
93,8.956727027893066,9.388771057128906,0.17777778208255768,0.10000000149011612
94,8.878325462341309,9.468854904174805,0.17777778208255768,0.10000000149011612
95,8.800247192382812,9.539548873901367,0.17777778208255768,0.10000000149011612
96,8.722066879272461,9.600380897521973,0.17777778208255768,0.10000000149011612
97,8.643486976623535,9.650850296020508,0.17777778208255768,0.10000000149011612
98,8.564595222473145,9.690999031066895,0.20000000298023224,0.10000000149011612
99,8.485639572143555,9.72163200378418,0.20000000298023224,0.10000000149011612
100,8.406947135925293,9.744159698486328,0.20000000298023224,0.10000000149011612
101,8.328919410705566,9.760185241699219,0.20000000298023224,0.10000000149011612
102,8.251774787902832,9.771471977233887,0.20000000298023224,0.10000000149011612
103,8.175752639770508,9.779693603515625,0.20000000298023224,0.0
104,8.100996971130371,9.786454200744629,0.20000000298023224,0.0
105,8.027114868164062,9.793069839477539,0.20000000298023224,0.0
106,7.9537672996521,9.800715446472168,0.17777778208255768,0.0
107,7.88127326965332,9.81022834777832,0.17777778208255768,0.0
108,7.809389114379883,9.821516990661621,0.17777778208255768,0.0
109,7.737976551055908,9.83553409576416,0.17777778208255768,0.0
110,7.666812419891357,9.852638244628906,0.17777778208255768,0.0
111,7.595734119415283,9.87308120727539,0.17777778208255768,0.0
112,7.524784564971924,9.895925521850586,0.17777778208255768,0.0
113,7.454392433166504,9.920793533325195,0.17777778208255768,0.0
114,7.384588718414307,9.948137283325195,0.17777778208255768,0.0
115,7.315248012542725,9.977269172668457,0.17777778208255768,0.0
116,7.246337890625,10.007076263427734,0.17777778208255768,0.0
117,7.177824020385742,10.037151336669922,0.17777778208255768,0.0
118,7.109776973724365,10.067281723022461,0.17777778208255768,0.10000000149011612
119,7.042247295379639,10.096600532531738,0.2222222238779068,0.10000000149011612
120,6.974965572357178,10.123479843139648,0.2222222238779068,0.10000000149011612
121,6.907926559448242,10.14813232421875,0.2222222238779068,0.10000000149011612
122,6.841169357299805,10.171801567077637,0.2222222238779068,0.10000000149011612
123,6.774872303009033,10.194578170776367,0.2222222238779068,0.10000000149011612
124,6.708775997161865,10.214738845825195,0.2222222238779068,0.10000000149011612
125,6.6429829597473145,10.232376098632812,0.20000000298023224,0.10000000149011612
126,6.577412128448486,10.246901512145996,0.20000000298023224,0.10000000149011612
127,6.51258659362793,10.25921630859375,0.20000000298023224,0.10000000149011612
128,6.4483962059021,10.272000312805176,0.20000000298023224,0.10000000149011612
129,6.384607791900635,10.28657054901123,0.20000000298023224,0.10000000149011612
130,6.321087837219238,10.302346229553223,0.17777778208255768,0.10000000149011612
131,6.25771951675415,10.319067001342773,0.17777778208255768,0.20000000298023224
132,6.194839954376221,10.336956977844238,0.17777778208255768,0.20000000298023224
133,6.132514953613281,10.35582160949707,0.20000000298023224,0.20000000298023224
134,6.070740222930908,10.375345230102539,0.17777778208255768,0.20000000298023224
135,6.009620666503906,10.392308235168457,0.17777778208255768,0.20000000298023224
136,5.948908805847168,10.407327651977539,0.20000000298023224,0.20000000298023224
137,5.888222694396973,10.425025939941406,0.2222222238779068,0.20000000298023224
138,5.828776836395264,10.438796997070312,0.2222222238779068,0.20000000298023224
139,5.769341468811035,10.452947616577148,0.17777778208255768,0.20000000298023224
140,5.710153579711914,10.46632194519043,0.17777778208255768,0.20000000298023224
141,5.6510467529296875,10.484060287475586,0.17777778208255768,0.20000000298023224
142,5.592219829559326,10.504316329956055,0.17777778208255768,0.20000000298023224
143,5.533840656280518,10.524660110473633,0.17777778208255768,0.20000000298023224
144,5.4760050773620605,10.537276268005371,0.17777778208255768,0.20000000298023224
145,5.419350624084473,10.544100761413574,0.17777778208255768,0.20000000298023224
146,5.362288951873779,10.554168701171875,0.17777778208255768,0.20000000298023224
147,5.306523323059082,10.556909561157227,0.17777778208255768,0.20000000298023224
148,5.251445293426514,10.55463981628418,0.17777778208255768,0.20000000298023224
149,5.196781635284424,10.544157028198242,0.17777778208255768,0.20000000298023224
150,5.142539024353027,10.524591445922852,0.17777778208255768,0.20000000298023224
151,5.089332580566406,10.495530128479004,0.17777778208255768,0.20000000298023224
152,5.036216735839844,10.470338821411133,0.17777778208255768,0.20000000298023224
153,4.983672618865967,10.448690414428711,0.15555556118488312,0.20000000298023224
154,4.9322333335876465,10.41431713104248,0.15555556118488312,0.20000000298023224
155,4.880744934082031,10.36487865447998,0.15555556118488312,0.20000000298023224
156,4.829914569854736,10.306501388549805,0.15555556118488312,0.20000000298023224
157,4.779822826385498,10.244562149047852,0.15555556118488312,0.20000000298023224
158,4.730342388153076,10.19135570526123,0.15555556118488312,0.20000000298023224
159,4.680859565734863,10.142487525939941,0.15555556118488312,0.20000000298023224
160,4.633018493652344,10.09866714477539,0.15555556118488312,0.20000000298023224
161,4.585369110107422,10.04582405090332,0.15555556118488312,0.20000000298023224
162,4.537598133087158,9.979848861694336,0.15555556118488312,0.20000000298023224
163,4.4910078048706055,9.91480827331543,0.15555556118488312,0.20000000298023224
164,4.445560455322266,9.857320785522461,0.15555556118488312,0.20000000298023224
165,4.400067329406738,9.803604125976562,0.15555556118488312,0.20000000298023224
166,4.355181694030762,9.750686645507812,0.15555556118488312,0.20000000298023224
167,4.310749530792236,9.699949264526367,0.15555556118488312,0.20000000298023224
168,4.26650333404541,9.6510009765625,0.15555556118488312,0.20000000298023224
169,4.222578525543213,9.604214668273926,0.15555556118488312,0.20000000298023224
170,4.178986549377441,9.557563781738281,0.15555556118488312,0.20000000298023224
171,4.1358561515808105,9.511594772338867,0.15555556118488312,0.20000000298023224
172,4.093196392059326,9.469722747802734,0.15555556118488312,0.20000000298023224
173,4.051137447357178,9.427821159362793,0.17777778208255768,0.20000000298023224
174,4.009608745574951,9.382818222045898,0.17777778208255768,0.20000000298023224
175,3.9684014320373535,9.337244987487793,0.17777778208255768,0.20000000298023224
176,3.927712917327881,9.290674209594727,0.17777778208255768,0.20000000298023224
177,3.8874013423919678,9.239249229431152,0.17777778208255768,0.20000000298023224
178,3.847466468811035,9.18310546875,0.17777778208255768,0.20000000298023224
179,3.8079771995544434,9.126873970031738,0.17777778208255768,0.20000000298023224
180,3.7687785625457764,9.07123851776123,0.17777778208255768,0.20000000298023224
181,3.729984760284424,9.015970230102539,0.17777778208255768,0.20000000298023224
182,3.6913390159606934,8.95738410949707,0.17777778208255768,0.20000000298023224
183,3.6543941497802734,8.895317077636719,0.17777778208255768,0.20000000298023224
184,3.6170670986175537,8.839142799377441,0.20000000298023224,0.20000000298023224
185,3.579423427581787,8.788166046142578,0.20000000298023224,0.20000000298023224
186,3.542860269546509,8.740928649902344,0.20000000298023224,0.20000000298023224
187,3.5069525241851807,8.690159797668457,0.20000000298023224,0.20000000298023224
188,3.4711570739746094,8.636517524719238,0.20000000298023224,0.20000000298023224
189,3.4355194568634033,8.580205917358398,0.20000000298023224,0.20000000298023224
190,3.3999319076538086,8.521878242492676,0.20000000298023224,0.20000000298023224
191,3.3645732402801514,8.46064567565918,0.20000000298023224,0.20000000298023224
192,3.330507755279541,8.393305778503418,0.20000000298023224,0.20000000298023224
193,3.2970001697540283,8.328593254089355,0.20000000298023224,0.20000000298023224
194,3.262878656387329,8.263608932495117,0.2222222238779068,0.20000000298023224
195,3.228745460510254,8.197216033935547,0.2222222238779068,0.20000000298023224
196,3.195831537246704,8.131959915161133,0.2222222238779068,0.20000000298023224
197,3.16230845451355,8.065003395080566,0.2222222238779068,0.20000000298023224
198,3.130411386489868,7.994965553283691,0.2222222238779068,0.20000000298023224
199,3.0982210636138916,7.932949066162109,0.2222222238779068,0.20000000298023224
200,3.066370725631714,7.871631622314453,0.2222222238779068,0.20000000298023224
201,3.0335965156555176,7.815600395202637,0.2222222238779068,0.20000000298023224
202,3.0033087730407715,7.761510372161865,0.2222222238779068,0.20000000298023224
203,2.9730682373046875,7.705689907073975,0.2222222238779068,0.20000000298023224
204,2.9420437812805176,7.648553371429443,0.24444444477558136,0.20000000298023224
205,2.91308856010437,7.59234094619751,0.24444444477558136,0.20000000298023224
206,2.88364839553833,7.533507347106934,0.24444444477558136,0.20000000298023224
207,2.854518413543701,7.476991176605225,0.24444444477558136,0.20000000298023224
208,2.825611114501953,7.423249244689941,0.24444444477558136,0.20000000298023224
209,2.7970082759857178,7.373377799987793,0.24444444477558136,0.20000000298023224
210,2.768707513809204,7.3253493309021,0.24444444477558136,0.20000000298023224
211,2.740936517715454,7.279734134674072,0.2666666805744171,0.20000000298023224
212,2.7134289741516113,7.237809658050537,0.2666666805744171,0.20000000298023224
213,2.685807704925537,7.191451072692871,0.2666666805744171,0.20000000298023224
214,2.6583685874938965,7.142738342285156,0.2666666805744171,0.20000000298023224
215,2.6318628787994385,7.092782497406006,0.2666666805744171,0.20000000298023224
216,2.6056344509124756,7.039040565490723,0.2666666805744171,0.20000000298023224
217,2.579413414001465,6.980815887451172,0.2666666805744171,0.20000000298023224
218,2.55364990234375,6.91840124130249,0.2666666805744171,0.20000000298023224
219,2.5283942222595215,6.8567609786987305,0.2666666805744171,0.20000000298023224
220,2.503143310546875,6.7945990562438965,0.2666666805744171,0.20000000298023224
221,2.47851824760437,6.733642578125,0.24444444477558136,0.20000000298023224
222,2.4533908367156982,6.669369697570801,0.2666666805744171,0.30000001192092896
223,2.429011106491089,6.605572700500488,0.2666666805744171,0.30000001192092896
224,2.404836416244507,6.542366027832031,0.2666666805744171,0.30000001192092896
225,2.38091778755188,6.479925632476807,0.2666666805744171,0.30000001192092896
226,2.357286214828491,6.420702934265137,0.2666666805744171,0.30000001192092896
227,2.3339285850524902,6.364436149597168,0.24444444477558136,0.30000001192092896
228,2.31119441986084,6.311461448669434,0.24444444477558136,0.30000001192092896
229,2.2880146503448486,6.252233028411865,0.24444444477558136,0.30000001192092896
230,2.2656655311584473,6.195760726928711,0.2888889014720917,0.30000001192092896
231,2.243497133255005,6.137547492980957,0.2888889014720917,0.30000001192092896
232,2.221435785293579,6.0796098709106445,0.2666666805744171,0.30000001192092896
233,2.199505567550659,6.022174835205078,0.2666666805744171,0.30000001192092896
234,2.1777586936950684,5.966400146484375,0.2888889014720917,0.30000001192092896
235,2.156486988067627,5.9131760597229,0.2888889014720917,0.30000001192092896
236,2.13515043258667,5.863235950469971,0.2888889014720917,0.30000001192092896
237,2.1141507625579834,5.821343421936035,0.2888889014720917,0.30000001192092896
238,2.0924389362335205,5.769333839416504,0.2888889014720917,0.30000001192092896
239,2.072310447692871,5.711005210876465,0.2888889014720917,0.30000001192092896
240,2.051971912384033,5.655938148498535,0.31111112236976624,0.30000001192092896
241,2.0327463150024414,5.605224132537842,0.31111112236976624,0.30000001192092896
242,2.0123462677001953,5.554512977600098,0.31111112236976624,0.30000001192092896
243,1.9918605089187622,5.510299205780029,0.31111112236976624,0.30000001192092896
244,1.97232985496521,5.474402904510498,0.31111112236976624,0.30000001192092896
245,1.9523274898529053,5.437877655029297,0.31111112236976624,0.30000001192092896
246,1.9337801933288574,5.406538963317871,0.31111112236976624,0.30000001192092896
247,1.915318489074707,5.3632307052612305,0.31111112236976624,0.30000001192092896
248,1.8961377143859863,5.313969135284424,0.31111112236976624,0.30000001192092896
249,1.8775815963745117,5.2633514404296875,0.31111112236976624,0.30000001192092896
250,1.8595820665359497,5.213202953338623,0.31111112236976624,0.30000001192092896
251,1.8418644666671753,5.172415256500244,0.31111112236976624,0.30000001192092896
252,1.8234148025512695,5.1380815505981445,0.31111112236976624,0.30000001192092896
253,1.8058037757873535,5.100429534912109,0.31111112236976624,0.30000001192092896
254,1.7883822917938232,5.063380718231201,0.31111112236976624,0.30000001192092896
255,1.7709378004074097,5.019007682800293,0.31111112236976624,0.30000001192092896
256,1.7535780668258667,4.967926979064941,0.31111112236976624,0.30000001192092896
257,1.7366104125976562,4.921566486358643,0.3777777850627899,0.30000001192092896
258,1.7197848558425903,4.87924861907959,0.3777777850627899,0.30000001192092896
259,1.7026643753051758,4.840141773223877,0.3777777850627899,0.30000001192092896
260,1.6850618124008179,4.804070949554443,0.3777777850627899,0.30000001192092896
261,1.667703628540039,4.767365455627441,0.4000000059604645,0.30000001192092896
262,1.6504333019256592,4.72981595993042,0.3777777850627899,0.30000001192092896
263,1.633270263671875,4.689726829528809,0.3777777850627899,0.30000001192092896
264,1.6163454055786133,4.6475605964660645,0.3777777850627899,0.30000001192092896
265,1.5989853143692017,4.605105400085449,0.42222222685813904,0.30000001192092896
266,1.5819377899169922,4.561415672302246,0.42222222685813904,0.30000001192092896
267,1.563590168952942,4.525315761566162,0.4000000059604645,0.30000001192092896
268,1.5470080375671387,4.493471145629883,0.4000000059604645,0.30000001192092896
269,1.5303096771240234,4.45714807510376,0.4000000059604645,0.30000001192092896
270,1.51309335231781,4.419413089752197,0.42222222685813904,0.30000001192092896
271,1.4962856769561768,4.380771160125732,0.42222222685813904,0.30000001192092896
272,1.4804490804672241,4.335680961608887,0.42222222685813904,0.30000001192092896
273,1.4644852876663208,4.285105228424072,0.42222222685813904,0.30000001192092896
274,1.4479562044143677,4.231341361999512,0.4444444477558136,0.30000001192092896
275,1.4322999715805054,4.175576210021973,0.4444444477558136,0.30000001192092896
276,1.416759967803955,4.124902248382568,0.4444444477558136,0.30000001192092896
277,1.4008281230926514,4.079071521759033,0.4444444477558136,0.30000001192092896
278,1.3845603466033936,4.038234233856201,0.4444444477558136,0.30000001192092896
279,1.369017481803894,4.0028581619262695,0.4444444477558136,0.30000001192092896
280,1.353788137435913,3.9640495777130127,0.4444444477558136,0.30000001192092896
281,1.3384253978729248,3.9250144958496094,0.4444444477558136,0.30000001192092896
282,1.3227423429489136,3.8854293823242188,0.4444444477558136,0.30000001192092896
283,1.3076640367507935,3.8447864055633545,0.46666666865348816,0.30000001192092896
284,1.2930738925933838,3.8003909587860107,0.46666666865348816,0.4000000059604645
285,1.2780895233154297,3.75835919380188,0.4888888895511627,0.4000000059604645
286,1.2626386880874634,3.7176895141601562,0.4888888895511627,0.4000000059604645
287,1.2482768297195435,3.6767284870147705,0.46666666865348816,0.4000000059604645
288,1.2342102527618408,3.6376404762268066,0.4888888895511627,0.4000000059604645
289,1.2191603183746338,3.5993716716766357,0.4888888895511627,0.4000000059604645
290,1.2054252624511719,3.560940980911255,0.4888888895511627,0.4000000059604645
291,1.1915044784545898,3.5237622261047363,0.4888888895511627,0.4000000059604645
292,1.1773858070373535,3.488464832305908,0.4888888895511627,0.4000000059604645
293,1.163799524307251,3.455256223678589,0.4888888895511627,0.4000000059604645
294,1.150644063949585,3.4213242530822754,0.4888888895511627,0.4000000059604645
295,1.1373652219772339,3.38653302192688,0.4888888895511627,0.4000000059604645
296,1.1240019798278809,3.3487353324890137,0.4888888895511627,0.4000000059604645
297,1.1108806133270264,3.307384490966797,0.4888888895511627,0.4000000059604645
298,1.0981723070144653,3.267773389816284,0.4888888895511627,0.4000000059604645
299,1.0855854749679565,3.233006715774536,0.4888888895511627,0.4000000059604645
300,1.0729568004608154,3.2034316062927246,0.4888888895511627,0.4000000059604645
